id,first_name,last_name,cell,work,mail,notes,Active
8,Nasim,Kyle,(264) 328-7099,(869) 305-1358,"P.O. Box 284, 9377 Vel Rd.",Dick,true
9,Scooter,Sandra,(704) 958-8334,(930) 804-8668,"P.O. Box 340, 4842 Erat Av.",,true
11,Todd,William,(625) 128-2568,(256) 559-5847,421-7221 Mattis Road,,true
13,Alvin,Keely,(766) 878-7119,(562) 234-2377,330-8783 Tempor St.,,true
14,Kessie,Alisa,(324) 711-5317,(821) 852-2441,"P.O. Box 275, 6657 Dolor, Avenue",,true
15,Rowan,Lareina,(866) 485-2593,(308) 637-7488,2558 Leo. Street,,true
16,Kyra,Akeem,(547) 175-8612,(468) 439-9958,4330 Eu Avenue,,true
17,Charity,Dara,(858) 631-0094,(300) 240-4595,289 Commodo Road,,true
18,Martin,Beverly,(592) 351-7592,(276) 459-6234,Ap #755-5837 Faucibus St.,,true
19,Illiana,Chelsea,(169) 215-4045,(704) 146-4818,Ap #347-9504 Etiam Rd.,,true
20,Blaine,Declan,(420) 476-1863,(544) 502-7134,1473 Pede Street,,true
21,Leo,Abdul,(194) 640-3869,(454) 680-7753,8130 Condimentum Rd.,,true
22,Tucker,Porter,(733) 989-0672,(187) 886-2113,4790 Ut St.,,true
23,Jana,Declan,(572) 990-0056,(965) 583-4209,"P.O. Box 233, 1345 Pellentesque. St.",,true
24,Maris,Baxter,(636) 386-5961,(796) 948-2755,Ap #311-7765 Semper St.,,true
25,Lesley,Driscoll,(475) 943-2992,(775) 353-7191,"Ap #347-1607 Nec, Road",,true
26,Brett,Kaye,(383) 591-3551,(297) 635-8147,269-3231 Est Avenue,,true
27,Jessamine,Lucy,(916) 251-5064,(807) 853-1716,760-7353 Neque Ave,,true
28,Kimberly,Tate,(301) 693-5659,(583) 290-5718,Ap #665-7479 Magnis St.,,true
29,Sigourney,Meredith,(673) 334-2377,(514) 114-0320,242-5916 Eu St.,,true
31,Wylie,Hiroko,(499) 792-6625,(184) 710-2910,1787 Ac Av.,,true
32,Lynn,Gray,(369) 444-1359,(820) 953-9584,824-1567 Et Ave,,true
33,Jackson,Kennedy,(591) 887-0483,(522) 163-8505,652-8164 Sit Street,,true
34,Finn,Upton,(434) 976-9329,(471) 904-5190,Ap #109-2848 Mattis Road,Updated,true
35,Fiona,Keely,(459) 350-9077,(992) 682-0506,3768 Consectetuer Ave,,true
36,Dora,Ariel,(861) 805-0782,(329) 420-1181,2034 Fermentum St.,,true
37,Robin,Ocean,(571) 885-6609,(215) 165-7426,"P.O. Box 139, 828 Nec, Road",,true
38,Linda,Jarrod,(506) 382-0565,(641) 610-4761,"Ap #194-3247 Aliquet, Ave",,true
39,Dai,Martha,(298) 247-5624,(593) 789-0479,Ap #947-4242 Malesuada Av.,,true
40,Phyllis,Michelle,(915) 570-7247,(357) 495-1191,"P.O. Box 332, 4120 Nisi. St.",,true
41,Fiona,Xanthus,(806) 964-6840,(611) 822-8818,657-3187 Erat. St.,He is a loser,true
42,Grant,Hayes,(154) 556-2684,(826) 297-2187,"P.O. Box 703, 4533 Eu, Avenue",,true
43,Sydnee,Dorian,(923) 633-0165,(584) 398-0410,Ap #141-4917 In Ave,,true
44,Hop,Jamal,(483) 188-4247,(530) 994-1197,Ap #123-8651 Amet Av.,,true
45,Chaney,Ulla,(527) 493-7722,(400) 554-4583,Ap #281-706 Adipiscing Av.,,true
47,Kiayada,Beau,(679) 232-6148,(644) 426-3641,"791-3788 In, Road",,true
48,Rahim,Fredericka,(809) 348-7501,(841) 501-1545,"8676 Sapien, Avenue",,true
49,Bert,Dominique,(164) 623-5649,(528) 943-6942,3390 Ut Rd.,,true
50,Carl,Sybill,(927) 727-4827,(839) 275-4347,Ap #729-4889 Accumsan Rd.,,true
51,Raymond,Thomas,(450) 668-9373,(280) 876-8593,"Ap #292-740 A, Rd.",,true
52,Avram,Cara,(315) 386-5848,(372) 512-6850,Ap #212-5687 In Av.,,true
53,Ivor,Helen,(706) 349-2817,(479) 587-5130,138-7381 Sed St.,,true
54,Martena,Aspen,(355) 276-0616,(746) 814-6641,253-614 Ornare Street,,true
55,Vernon,Shannon,(329) 461-0582,(661) 472-8856,Ap #252-3943 Consectetuer Rd.,,true
56,Tanya,Nell,(931) 812-7450,(628) 634-9245,"687-2237 Non, Street",,true
57,Donna,Craig,(112) 490-8198,(698) 311-2953,835 Hymenaeos. Street,,true
58,Nicole,Remedios,(122) 919-2853,(858) 376-2544,1612 Metus. St.,,true
59,Doris,Ebony,(667) 223-2805,(942) 712-8106,544-2031 Sem. Street,,true
60,Giselle,Malcolm,(190) 500-1185,(327) 318-2163,Ap #713-8143 Eu Ave,,true
61,Desirae,Zeph,(836) 436-5266,(576) 779-1617,996-1670 Egestas Ave,,true
62,Wallace,Jarrod,(734) 157-8884,(468) 503-3741,Ap #576-2001 Velit Street,,true
63,Nelle,Irene,(990) 717-5691,(686) 350-7595,9575 Ante Rd.,,true
64,Keely,Unity,(302) 984-8850,(640) 849-1876,"P.O. Box 129, 5817 Ac Rd.",,true
65,Autumn,Carter,(385) 578-2218,(641) 991-3813,1321 Ut Rd.,,true
66,Remedios,Nina,(357) 506-6989,(227) 858-4357,360 Duis Ave,,true
67,Matthew,Liberty,(189) 714-1241,(555) 789-5672,Ap #622-4231 Luctus Ave,,true
68,Lenore,Camille,(258) 554-3589,(248) 589-8214,"8914 Vel, Street",,true
69,Grady,Jonas,(169) 222-2514,(344) 685-5403,281-2340 Dui. Street,,true
70,Lee,Margaret,(645) 579-3726,(136) 802-5094,838-717 Duis Rd.,,true
71,Jason,Zachary,(702) 439-8910,(711) 759-8674,8225 Sem Road,,true
72,Sara,Bryar,(764) 861-3881,(694) 619-9655,"288-6066 Elit, Ave",,true
73,Wyatt,Joy,(740) 524-9565,(167) 367-2830,"P.O. Box 769, 6173 Cursus St.",,true
74,Iona,Sawyer,(167) 509-4576,(383) 422-6146,9185 Aliquam Avenue,,true
75,Blythe,Chava,(149) 818-9579,(382) 356-2636,"P.O. Box 831, 4041 Fermentum Street",,true
76,Britanney,Dalton,(118) 598-9624,(755) 704-9915,"3329 Adipiscing, Av.",,true
77,September,Aidan,(210) 718-7285,(258) 988-6659,454-9001 Magna Rd.,,true
78,Cecilia,Dylan,(747) 261-3830,(149) 638-2581,"P.O. Box 988, 7866 Ac, Av.",,true
79,Kennan,Steven,(440) 835-9884,(858) 296-4478,"P.O. Box 554, 2326 Dis Av.",,true
80,Walter,Dylan,(588) 515-6259,(345) 190-3158,"647-7796 Odio, St.",,true
81,Vera,Berk,(938) 878-7474,(858) 196-4345,"P.O. Box 237, 9010 Ante. St.",,true
82,David,Yvonne,(246) 216-8172,(235) 247-8065,Ap #932-574 Ultrices St.,,true
83,Nichole,Hiram,(330) 508-8861,(589) 900-5172,"7929 Lorem, Ave",,true
84,Jack,Tobias,(330) 998-0537,(616) 791-4221,861-1417 Vitae Avenue,,true
85,Ethan,Jessamine,boot,(202) 945-1769,489-1580 Quam Rd.,,true
86,Walker,Amber,(674) 381-1085,(216) 302-1210,2771 Nulla St.,,true
87,Abel,Gareth,(665) 667-2466,(112) 594-6068,"5432 Nec, Avenue",,true
89,Maris,Raven,(604) 430-7387,(817) 564-8963,"P.O. Box 468, 3464 Dictum. Road",,true
90,Lacota,Barclay,(959) 567-8133,(846) 702-6121,700-6775 Rutrum Street,,true
91,Ramona,Cally,(420) 116-0146,(434) 536-8014,Ap #309-6421 Enim St.,,true
92,Lacota,Gray,(130) 579-3547,(502) 143-2749,"Ap #377-1883 Et, St.",,true
93,Nora,Donna,(330) 917-8707,(946) 609-4116,"Ap #422-4167 At, Road",,true
94,Phoebe,Sybill,(149) 168-9786,(179) 124-8942,444-7823 Molestie Av.,,true
95,Cynthia,Martha,(234) 627-3567,(364) 221-5765,3807 Integer St.,,true
96,Cain,Erich,(688) 288-3439,(674) 197-3257,8030 Sit St.,,true
97,Cole,Liberty,(354) 783-3217,(468) 901-9827,512-8525 Ac Rd.,,true
98,Zephania,Abbot,(950) 315-9070,(104) 420-6683,7471 Maecenas Avenue,,true
99,Xaviera,Quincy,(400) 488-4281,(199) 786-3138,192-4693 Facilisis Rd.,,true
100,Garrison,Randall,(657) 771-0769,(917) 381-6026,1872 Eu St.,,true
102,Wood,Woods,555-555-5555,555-555-5555,Second Tree on the right,,true
103,Natalie,Woods,666-666-6666,,This one,,true
104,Yolanda,Woods,222-222-2222,222-222-2222,Why lane,,true
105,Turk,Tseng,555-555-5555,555-555-5555,shinra.co@turks,,true
